Les livraisons de pétrole iranien violent la souveraineté du Liban, dit Mikati|17/09/2021
Les livraisons de pétrole iranien violent la souveraineté du Liban, dit Mikati|17/09/2021
La semaine se termine mal pour les actions|17/09/2021
Les contrats à terme sur Pétrole Brut ont reculé durant la séance en Europe|17/09/2021
La baisse l'emporte sur les actions, les rendements soutenus|17/09/2021
Les contrats à terme sur Gaz naturel ont augmenté durant la séance en Europe|17/09/2021
Du vert en vue en Europe pour finir la semaine|17/09/2021
Les contrats à terme sur Pétrole Brut ont reculé durant la séance en Asie|17/09/2021
Wall Street finit en ordre dispersé, freinée par le rendement des bons du Trésor|16/09/2021
Les contrats à terme sur Gaz naturel ont reculé durant la séance américaine|16/09/2021
L'Europe soutenue par le transport aérien, la prudence domine à Wall Street|16/09/2021
Hésitation à Wall Street avant de nouveaux indicateurs, hausse en Europe|16/09/2021
Morning Meeting Forex : Attentisme sur le dollar; EUR/NOK, la couronne norvégienne suit les cours du pétrole|16/09/2021
Hausse en vue en Europe dans le sillage de Wall Street|16/09/2021
Les contrats à terme sur Pétrole Brut ont augmenté durant la séance en Asie|16/09/2021
Wall Street clôture en hausse sur fond d'optimisme retrouvé|15/09/2021
3 Statistiques US importantes à surveiller ce Jeudi|15/09/2021
Les contrats à terme sur Pétrole Brut ont augmenté durant la séance américaine|15/09/2021
Les contrats à terme sur Gaz naturel ont augmenté durant la séance américaine|15/09/2021
L'Europe finit dans le rouge, plombée par des statistiques chinoises|15/09/2021
